id,username,email,phone_number,role,location,password
3,Dwain Partleton,dpartleton2@technorati.com,448-554-1437,Client,Room 138,$2a$04$R.5rWDW98cXmFZ0o4C7NZeDoZrftZjnzXBPfEi2QBVUjKJ0rR7poi
4,Carl Domican,cdomican3@nifty.com,984-635-2801,Client,17th Floor,$2a$04$N2NctUKg5yHw41wi.p8O9eg9loSdBzIKsM2xMdulh8W0E7HQvAT1C
5,Worth Malter,wmalter4@google.ca,124-880-4277,Client,14th Floor,$2a$04$gc7qoZ9rm.XTZuvFzvF1G.nFBjcH73oEeRi5XMc5p1PkaqoEUVHwu
6,Ayn Scriven,ascriven5@networksolutions.com,876-553-4310,Client,Apt 1458,$2a$04$8MWwCkysoVAd/0kIgaM4Ue8xoRtaIZwurx.dcZMzk4uUNpviYAhbG
7,Roselle Anthes,ranthes6@time.com,827-797-0639,Client,Room 680,$2a$04$2ui60n8HMToGifziRfI11eH3UXgkzWDrCHQhBdxf0X6NHFAYWDlFi
8,Sandor Waleran,swaleran7@hostgator.com,243-130-0141,Client,Room 72,$2a$04$GPJ8.7Q5wWNL2P4luOqwbePcf/ZRfzZJ/61iDM1WNOsKsMfKtf0PC
9,Trip Itzchaki,titzchaki8@cpanel.net,638-828-2762,Client,Apt 1836,$2a$04$it6qxWkU8wcEbVcBdaeKyeZCokpI18HSQ.fqbRix95zeRvxCk5ZL6
10,Katie Porcas,kporcas9@spotify.com,562-841-1305,Client,2nd Floor,$2a$04$p7D638a6Z/w2TKiLWR769eqBl.ksrqSYAiHv9aJuCnysH/PUWOOzC
11,George Roberti,grobertia@addtoany.com,945-321-2433,Artisan,12th Floor,$2a$04$6ijU/Dw0isK/DMltXv9v2eeTm2ngqV80iiSgvAkNRPmVg0F/PZmqa
12,Sukey Greathead,sgreatheadb@usda.gov,431-659-1995,Artisan,1st Floor,$2a$04$.W8QyNikjgl08UMb9NpfzeaZunfje9IJT88EOmgrfxQytsCyZ.ch6
13,Debbi McGuiness,dmcguinessc@globo.com,594-706-3069,Artisan,Suite 2,$2a$04$fHhDqZjoeVAlJw/eZFNrw.rAtcXCcOzixQi.NLZ5fvGYhBu0SM0gC
14,Nicolle Hurling,nhurlingd@kickstarter.com,435-761-4405,Artisan,Room 574,$2a$04$91APUYKUUHPiox9ghsxmzuBFIWHJQDe6BEKZrixhOkRefU2bsILKC
15,Henka Fittall,hfittalle@about.com,731-163-9772,Artisan,10th Floor,$2a$04$14fq2dm4x2IKePmsCWSKEeP7QieLCX4LLub7evSQJOL/TW/p45dMa
16,Carver Burgwin,cburgwinf@oakley.com,653-219-4145,Artisan,Suite 96,$2a$04$R6VNZDJgXxyK1KRbN9eBPekwuwu0.Ss3yvkxD6LG1B6Vv7gnVO7pW
17,Harley Cowell,hcowellg@google.com.br,830-199-8975,Artisan,PO Box 24452,$2a$04$8G0sLTqT51V3.831YVlqv.GTCq3IoUXZ6BfLbhozcnNDoZ910ixvS
18,Randa Hamnett,rhamnetth@accuweather.com,652-870-5687,Artisan,Room 1914,$2a$04$sCHepAWgNw.khBSh5.uoT.87IOXt4qtp5XVNUC7nyN23gHJaHt9mq
19,Salomi McKeating,smckeatingi@nyu.edu,889-840-4097,Artisan,Suite 41,$2a$04$PFx.wFZEMOw.mTH3/r1RCuLF50l4xgnez4UjSQhaJOusdCR1jTQ7a
20,Henrieta Ferrers,hferrersj@samsung.com,568-161-9537,Artisan,Apt 1556,$2a$04$eUijQhMJq9xDH0rLyvnM1uizF5tg/Pj23qu1PYi7yRvrX/zumlaoK
